<?xml version="1.0" encoding="UTF-8"?>
<!DOCTYPE struts PUBLIC "-//Apache Software Foundation//DTD Struts Configuration 2.0//EN" "http://struts.apache.org/dtds/struts-2.0.dtd">
<struts>
	<constant name="struts.objectFactory" value="spring" />
	<constant name="struts.i18n.encoding" value="UTF-8" />
	<constant name="struts.action.extension" value="html"/>

	<package name="manage_banji" namespace="/banji"
		extends="struts-default">
		<action name="banjilist" method="banjilist"
			class="banjiAction">
			<result name="success">/WEB-INF/jsp/banji/banjilist.jsp</result>
		</action>
		<action name="banjiupdate" method="banjiupdate" class="banjiAction">
		<result name="success" >/WEB-INF/jsp/banji/banjiupdate.jsp</result>
		</action>
		<action name="banjiupdate2" method="banjiupdate2" class="banjiAction">
		<result name="success" >/WEB-INF/jsp/banji/banjiupdate2.jsp</result>
		</action>
		<action name="banjiadd" method="banjiadd"
			class="banjiAction">
			<result name="success">/WEB-INF/jsp/banji/banjiadd.jsp</result>
		</action>
        <action name="banjidel" method="banjidel" class="banjiAction">
			<result name="success" type="redirect">banjilist.html</result>
	    </action>
		<action name="banjiadd2" method="banjiadd2"
			class="banjiAction">
			<result name="success" type="redirect">banjilist.html</result>
		</action>
		
	</package>
	
</struts>
