<?xml version='1.0' encoding='UTF-8'?>
<!DOCTYPE hibernate-configuration PUBLIC
          "-//Hibernate/Hibernate Configuration DTD 3.0//EN"
          "http://hibernate.sourceforge.net/hibernate-configuration-3.0.dtd">
<hibernate-configuration>
<session-factory>
	<!-- oracel处理大文本clob需要添加的属性 -->
	<property name="hibernate.connection.SetBigStringTryClob">
		true
	</property>

	<!-- Database connection settings -->
	<property name="proxool.pool_alias">DBPool</property>
	<property name="proxool.xml">proxool.xml</property>
	<property name="connection.provider_class">
		org.hibernate.connection.ProxoolConnectionProvider
	</property>
	<property name="connection.driver_class">
		com.mysql.jdbc.Driver
	</property>



	<!-- Echo all executed SQL to stdout -->

	<property name="show_sql">true</property>
	<property name="format_sql">true</property>


	<property name="dialect">
		org.hibernate.dialect.MySQLDialect
	</property>


	<!-- Enable Hibernate's automatic session context management -->
	<property name="current_session_context_class">thread</property>


	<property name="hibernate.hbm2ddl.auto">update</property>
	<mapping class="manage.model.BanJi" />
	<mapping class="manage.model.KaoQinLog" />
	<mapping class="manage.model.Kecheng" />
	<mapping class="manage.model.QingJiaDan" />
	<mapping class="manage.model.User" />
	<mapping class="manage.model.Subject" />



</session-factory>
</hibernate-configuration>