<?xml version="1.0" encoding="UTF-8"?>

<beans xmlns="http://www.springframework.org/schema/beans"
	xmlns:xsi="http://www.w3.org/2001/XMLSchema-instance"
	xmlns:aop="http://www.springframework.org/schema/aop"
	xmlns:tx="http://www.springframework.org/schema/tx"
	xsi:schemaLocation="http://www.springframework.org/schema/beans http://www.springframework.org/schema/beans/spring-beans-2.0.xsd
           http://www.springframework.org/schema/aop http://www.springframework.org/schema/aop/spring-aop-2.0.xsd
           http://www.springframework.org/schema/tx http://www.springframework.org/schema/tx/spring-tx-2.0.xsd">
	
	<bean id="userDao" class="manage.dao.impl.UserDaoImpl" >
		<property name="sessionFactory"><ref bean="sessionFactory" /></property>
	</bean>
	
	<bean id="banjiDao" class="manage.dao.impl.BanJiDaoImpl" >
		<property name="sessionFactory"><ref bean="sessionFactory" /></property>
	</bean>
	<bean id="subjectDao" class="manage.dao.impl.SubjectDaoImpl" >
		<property name="sessionFactory"><ref bean="sessionFactory" /></property>
	</bean>
	
	<bean id="kaoqinlogDao" class="manage.dao.impl.KaoQinLogDaoImpl" >
		<property name="sessionFactory"><ref bean="sessionFactory" /></property>
	</bean>
	
	<bean id="kechengDao" class="manage.dao.impl.KechengDaoImpl" >
		<property name="sessionFactory"><ref bean="sessionFactory" /></property>
	</bean>
	
	<bean id="qingjiadanDao" class="manage.dao.impl.QingJiaDanDaoImpl" >
		<property name="sessionFactory"><ref bean="sessionFactory" /></property>
	</bean>
</beans>
