<?xml version="1.0" encoding="UTF-8"?>
<!DOCTYPE struts PUBLIC "-//Apache Software Foundation//DTD Struts Configuration 2.0//EN" "http://struts.apache.org/dtds/struts-2.0.dtd">
<struts>
	<constant name="struts.objectFactory" value="spring" />
	<constant name="struts.i18n.encoding" value="UTF-8" />
    <constant name="struts.devMode" value="true" />
	<constant name="struts.action.extension" value="html"/>
    <constant name="struts.enable.DynamicMethodInvocation" value="false" />
    <constant name="struts.multipart.maxSize" value="100000000"/>
    



	<package name="manage" namespace="/"
		extends="struts-default">
		<action name="loginindex">
			<result>/WEB-INF/jsp/login.jsp</result>
		</action>
		<action name="login" method="login" class="manageAction">
			<result name="success" type="redirect">/</result>
			<result name="fail" >/WEB-INF/jsp/login.jsp</result>
		</action>
		<action name="loginout" method="loginout"
			class="manageAction">
			<result name="success" type="redirect">loginindex.html</result>
		</action>
	</package>
	
	<!-- session 拦截器，   必须extends="tranc" -->
	<package name="session" extends="struts-default">
		<interceptors>
			<interceptor name="sessionInterceptor" class="manage.util.SessionInterceptor" />
			<interceptor-stack name="sessionStack">
				<interceptor-ref name="sessionInterceptor" />
				<interceptor-ref name="defaultStack" />
			</interceptor-stack>
		</interceptors>
		<default-interceptor-ref name="sessionStack" />
		<global-results>
			<result name="login" type="redirect">loginindex.html</result>
			<result name="error">/WEB-INF/jsp/error.jsp</result>
		</global-results>
		<global-exception-mappings>
			<exception-mapping result="error" exception="java.lang.Exception"/>
		</global-exception-mappings>
	</package>
	
	 <package name="index" namespace="/" extends="session">
        <action name="index">
            <result>/WEB-INF/jsp/index.jsp</result>
        </action>
    </package>
	
	<include file="strutsconfig/struts-user.xml"></include>
	<include file="strutsconfig/struts-kecheng.xml"></include>
	<include file="strutsconfig/struts-banji.xml"></include>
	<include file="strutsconfig/struts-subject.xml"></include>
	<include file="strutsconfig/struts-kaoqinlog.xml"></include>
	<include file="strutsconfig/struts-qingjiadan.xml"></include>
</struts>
